Time,Right_Angle,Left_Angle
4.410743713378906e-05,0,0
0.4123189449310303,-200.5765,-202.9366
0.4314019680023193,-198.4459,-203.1802
0.4472899436950684,-198.8513,-204.0276
0.4644629955291748,-198.5979,-205.2044
0.4811289310455322,-198.0773,-208.1427
0.4978699684143066,-196.1975,-209.3582
0.5145771503448486,-193.7189,-211.3963
0.5299279689788818,-191.5801,-213.0775
0.5477011203765869,-190.0626,-214.9033
0.5643119812011719,-189.2073,-217.0106
0.5798079967498779,-188.5942,-219.2235
0.5977299213409424,-188.0811,138.3072
0.6131789684295654,-183.952,137.1917
0.6310651302337646,-181.1676,136.3536
0.6476700305938721,-178.4415,135.7137
0.6630349159240723,-170.851,132.898
0.6809360980987549,-168.8724,132.0409
0.696382999420166,-161.6932,128.6311
0.7142651081085205,-157.5235,126.5309
0.7296359539031982,-151.2053,125.3823
0.7473759651184082,-145.7909,123.205
0.7639749050140381,-139.9942,120.8039
0.7806999683380127,-135.3225,118.9329
0.7971689701080322,-130.2381,118.0317
0.8138589859008789,-126.5433,116.5625
0.8295028209686279,-126.2551,114.7767
0.8471348285675049,-123.2306,113.1231
0.8627369403839111,-120.4788,110.9789
0.8804969787597656,-119.7289,109.472
0.8961150646209717,-115.9937,108.0762
0.9136850833892822,-116.2125,107.0118
0.93100905418396,-114.5913,104.8645
0.9459688663482666,-114.5913,104.8645
0.9639308452606201,-114.2242,104.4783
0.9791648387908936,-113.1675,103.0588
0.9968478679656982,-111.2338,100.31
1.012439966201782,-111.0614,99.41167
1.030231952667236,-110.7753,98.9893
1.045707941055298,-111.7613,98.05357
1.063659906387329,-110.878,98.07068
1.080176115036011,-110.504,97.1171
1.096904039382935,-110.4886,96.95699
1.11227011680603,-110.5093,96.01087
1.130239009857178,-109.4525,95.06248
1.145555973052979,-108.3495,94.05519
1.163540124893188,-107.3298,94.08856
1.179903984069824,-106.3261,93.48265
1.196604013442993,-106.2656,93.00247
1.212093114852905,-105.2651,92.78421
1.229817152023315,-103.9881,92.32407
1.245440006256104,-101.7027,92.48426
1.263240098953247,-100.8125,91.63739
1.279898881912231,-99.22546,91.63694
1.295480966567993,-98.66132,91.59361
1.313115835189819,-99.08389,91.4745
1.330034017562866,-98.86356,91.6663
1.346276998519897,-98.35392,90.27338
1.361943006515503,-96.76225,88.51077
1.379575967788696,-94.13004,87.28709
1.396168947219849,-93.56437,86.11105
1.413182973861694,-93.8022,85.04508
1.429702043533325,-94.49174,83.50214
1.445089101791382,-95.42843,82.62228
1.462996006011963,95.8945,82.80424
1.479399919509888,96.03412,83.46786
1.496066808700562,96.50204,84.37564
1.512619972229004,97.87439,85.43938
1.528366804122925,98.59552,86.99027
1.54584002494812,98.74142,87.9865
1.562732934951782,99.39465,88.59847
1.579201936721802,100.7906,90.62498
1.595878839492798,101.4408,92.52261
1.612470865249634,102.3232,93.23443
1.629094839096069,102.3777,93.09326
1.644767045974731,103.4904,94.27859
1.663235902786255,103.8698,94.11442
1.678050994873047,103.8698,94.11442
1.695677042007446,104.2357,93.72733
1.711282014846802,104.5447,93.57233
1.729305028915405,104.3947,93.25822
1.744593858718872,104.4176,92.86303
1.762521028518677,105.393,92.8905
1.778959035873413,105.5845,92.83804
1.795480966567993,106.2849,93.15026
1.812290906906128,106.3111,93.17236
1.8278648853302,105.8074,92.97507
1.845343828201294,105.1465,92.19235
1.862089872360229,104.9029,92.91732
1.878723859786987,104.2951,93.0291
1.895360946655273,103.5088,93.18538
1.912035942077637,102.1734,93.13577
1.927752017974854,102.1734,93.13577
1.945250034332275,101.0328,92.43762
1.96093487739563,100.2652,91.96709
1.978501081466675,100.2723,92.58779
1.995093107223511,100.9561,93.34589
2.012154817581177,100.4515,92.71343
2.027435064315796,98.78375,92.00671
2.045213937759399,98.10965,91.11171
2.060819864273071,98.60489,90.08344
2.078444957733154,98.12213,89.41413
2.095081090927124,98.52774,89.83724
2.110769033432007,98.2095,89.83038
2.128516912460327,98.47427,89.94218
2.143892049789429,97.73965,89.56814
2.161679029464722,96.99146,88.98732
2.178223848342896,96.86987,89.36703
2.194833040237427,97.1748,89.38411
2.21061110496521,96.65182,89.58943
2.22853684425354,95.78552,88.79037
2.244838953018188,95.11047,88.70517
2.260400056838989,94.13309,88.7506
2.277998924255371,93.16531,88.41733
2.294765949249268,91.98566,88.33305
2.311563968658447,92.89209,89.02519
2.326853036880493,93.04153,88.92487
2.344547986984253,92.6019,88.13015
2.36142897605896,93.10794,88.37166
2.377866983413696,93.08417,88.66489
2.394509077072144,92.41812,88.58946
2.410066843032837,92.20047,89.10779
2.427881002426147,91.90692,89.23553
2.4445641040802,91.2457,89.41286
2.459999799728394,92.06537,89.8446
2.477718114852905,91.90247,90.05205
2.493245840072632,91.76813,90.28856
2.511302947998047,92.03897,90.78946
2.526631116867065,91.90515,91.01173
2.544244050979614,91.72891,90.79089
2.560899019241333,91.58322,90.73417
2.577610969543457,91.12085,90.44916
2.59312891960144,90.42709,90.14822
2.610944986343384,90.22314,89.68215
2.627475023269653,89.79642,88.89098
2.644124984741211,90.21484,88.6862
2.659681081771851,90.03931,88.13208
2.6772620677948,90.17487,88.16869
2.694159984588623,90.70786,88.06041
2.70966100692749,90.49179,87.54091
2.727334022521973,90.45282,87.32261
2.743853807449341,90.7186,87.26302
2.759554147720337,90.54214,87.09563
2.777164936065674,90.20935,86.79944
2.793738126754761,89.43341,86.50674
2.810442924499512,89.5658,85.86932
2.827142953872681,89.46875,85.42169
2.842603921890259,88.88843,85.09332
2.860404968261719,88.45029,84.57301
2.877107858657837,87.7355,84.13986
2.892607927322388,86.53436,82.9948
2.91041111946106,85.77176,82.02293
2.927596807479858,84.63992,80.72424
2.943655014038086,83.85031,79.67952
2.977536916732788,83.11646,77.1568
2.993335962295532,82.40503,76.30401
3.010406970977783,81.48801,75.3534
3.026763916015625,81.19391,75.04913
3.042392015457153,80.28534,74.17497
3.060127019882202,80.14053,74.69018
3.076698064804077,79.55042,72.98344
3.093483924865723,-78.5827,72.56696
3.108989953994751,-78.33734,73.08042
3.126548051834106,-78.56826,73.10448
3.143198013305664,-78.48833,73.10235
3.15888500213623,-78.50133,73.59338
3.176576852798462,-78.78709,73.53819
3.192101001739502,-78.9687,73.3856
3.209802865982056,-79.0695,72.9495
3.226374864578247,-79.07943,73.4771
3.242987871170044,-79.26994,73.54383
3.259714841842651,-79.86128,74.22497
3.276232004165649,-80.57327,75.19889
3.292886018753052,-81.00037,75.63501
3.309597015380859,-82.05997,76.77587
3.326175928115845,-82.64474,77.76034
3.342901945114136,-82.75321,77.95033
3.358589887619019,83.65683,79.26018
3.376135110855103,83.76868,79.46729
3.392811059951782,84.36606,80.29376
3.409478902816772,84.74417,80.35053
3.426106929779053,84.81268,80.40579
3.442724943161011,84.97491,80.42828
3.458369016647339,85.23755,80.91579
3.476696968078613,85.33569,80.76051
3.49179482460022,85.34088,81.01369
3.509972810745239,85.41217,80.89028
3.52600884437561,85.60739,80.64087
3.541436910629272,85.35504,80.07812
3.559379816055298,85.37436,80.22665
3.575762033462524,85.02188,80.11259
3.591362953186035,84.88443,79.69046
3.609138965606689,84.85202,79.84294
3.624692916870117,84.65308,79.81461
3.642480134963989,85.00153,79.88879
3.657984018325806,84.85379,79.77505
3.675619840621948,84.66473,79.80443
3.692256927490234,84.75323,79.77386
3.708832979202271,84.31415,79.61247
3.72549295425415,84.16129,79.7645
3.741185903549194,84.24487,79.61047
3.758817911148071,84.17139,79.72152
3.77537202835083,84.24469,79.93993
3.791072130203247,84.12967,80.11083
3.808846950531006,84.16199,80.07361
3.824352025985718,84.26013,80.14443
3.841953039169312,84.22235,80.135
3.857560873031616,83.68192,80.04915
3.875336885452271,83.6658,80.34801
3.891008138656616,83.63223,80.25616
3.908525943756104,83.80634,80.31918
3.924240827560425,83.62662,80.40763
3.941829919815063,83.69067,80.05578
3.957533121109009,83.60037,79.87495
3.975157022476196,83.35526,79.58106
3.990870952606201,83.10028,79.3139
4.008599996566772,83.06323,79.10734
4.025008916854858,82.96454,78.95549
4.041664838790894,82.65427,78.71066
4.057350873947144,82.32574,78.12563
4.074916124343872,82.49057,77.80158
4.09060001373291,82.89886,77.80525
4.108349084854126,83.76376,78.14389
4.124773025512695,83.73868,78.35674
4.141607999801636,83.50674,78.26534
4.157135963439941,83.75763,78.58539
4.17473292350769,83.96936,78.47786
4.190338850021362,84.42126,78.92506
4.208123922348022,84.77139,79.59673
4.224645853042603,85.39136,80.4679
4.24036693572998,86.04688,82.18792
4.257950067520142,87.15976,83.85153
4.274577856063843,88.34604,85.76275
4.291191816329956,90.1315,87.63629
4.307079076766968,91.44678,89.43118
4.3244788646698,93.05258,91.15579
4.341086149215698,94.64874,93.26865
4.356910943984985,96.20908,95.54886
4.374539136886597,97.42181,97.64114
4.391109943389893,98.60477,99.50005
4.407684087753296,99.99362,101.5544
4.425132036209106,102.7761,105.2849
4.439948797225952,102.7761,105.2849
4.457801103591919,104.7223,107.3719
4.47426700592041,106.0606,109.146
4.489982843399048,107.3746,111.4318
4.50765585899353,108.9651,113.3214
4.524227857589722,111.4108,115.0476
4.539819002151489,112.8998,117.0809
4.557543992996216,114.4259,119.3074
4.574055910110474,115.719,121.353
4.589769124984741,117.3324,122.5888
4.607406854629517,119.2645,123.979
4.624267816543579,120.4506,125.8002
4.640684843063354,120.5806,127.3133
4.656275987625122,120.9981,128.6132
4.673926115036011,121.3774,130.4798
4.689610004425049,121.765,132.5242
4.707475900650024,123.0253,134.0984
4.722783803939819,124.159,134.9467
4.740731954574585,124.6094,136.266
4.756119012832642,125.6642,136.9554
4.773802042007446,127.0683,138.2375
4.789354085922241,128.2023,138.818
4.807483911514282,128.8532,140.1153
4.823782920837402,130.2311,141.3052
4.840380907058716,130.7614,141.7585
4.8559889793396,131.4291,142.0377
4.873656034469604,132.1957,142.7255
4.889271020889282,133.2835,143.4745
4.907021999359131,134.0428,143.755
4.923910856246948,134.5881,144.468
4.939368963241577,135.3441,145.1026
4.957077980041504,135.7842,145.6014
4.973492860794067,136.1975,146.3134
4.989281892776489,136.5622,145.9729
5.007036924362183,136.9524,146.2894
5.023800134658813,136.9635,146.7544
5.03998589515686,136.1741,146.8374
5.055589914321899,136.1415,147.4385
5.073355913162231,135.8732,147.3622
5.088881969451904,136.1222,147.4423
5.106544017791748,136.1089,147.8668
5.123175859451294,136.1573,147.9311
5.139853000640869,136.4727,147.9031
5.155554056167603,136.6286,147.5618
5.173102140426636,136.8825,147.3756
5.188715934753418,136.1896,147.4211
5.206691026687622,135.9662,147.0938
5.222044944763184,135.7657,146.825
5.239690065383911,135.781,146.1304
5.256231069564819,136.359,146.1617
5.272925138473511,136.4413,145.8916
5.289533853530884,135.3047,145.4932
5.305321931838989,134.8652,145.2849
5.322824954986572,134.7802,145.5723
5.339493989944458,133.9145,145.7629
5.355154991149902,132.8813,145.1559
5.372691869735718,131.9278,143.8971
5.389374017715454,130.8021,143.0275
5.406183004379272,130.8692,142.4314
5.422719955444336,130.1264,141.6306
5.439418077468872,129.8408,140.0267
5.454936027526855,129.0723,138.2377
5.472563982009888,128.2109,137.1266
5.488255977630615,126.9763,135.9281
5.505843877792358,126.2102,135.4924
5.522816896438599,124.8192,134.2158
5.539337873458862,124.7494,132.6388
5.554755926132202,124.249,131.2036
5.572397947311401,123.5711,129.8316
5.589200019836426,122.3656,128.3696
5.605670928955078,121.4797,127.4727
5.622519016265869,120.913,126.2978
5.638893842697144,119.4034,125.0055
5.654525995254517,118.8958,123.4287
5.672292947769165,117.677,121.8617
5.687855005264282,116.4095,120.9238
5.705649137496948,115.5321,120.4515
5.722227811813354,115.0419,119.3895
5.737766027450562,114.4894,118.26
5.755784034729004,114.0248,117.272
5.772163152694702,112.7512,115.9434
5.788718938827515,111.9763,114.6639
5.804335832595825,111.2308,113.8605
5.821960926055908,110.2743,112.4627
5.838659048080444,109.5881,111.0815
5.854185819625854,108.8415,109.8847
5.871845006942749,108.2234,109.1531
5.888540029525757,107.8654,107.9516
5.905146837234497,106.4838,106.505
5.921751022338867,105.2039,105.1229
5.938488960266113,104.6099,104.3879
5.954064130783081,103.7249,103.2177
5.971699953079224,102.5105,101.7472
5.988472938537598,101.8277,100.7631
6.003947973251343,100.9207,99.74599
6.022243976593018,100.0163,99.15569
6.038211107254028,99.09775,98.00471
6.055332899093628,98.96454,97.36366
6.071633100509644,98.13101,96.49795
6.088135957717896,97.30313,95.84095
6.104022979736328,96.51337,95.1873
6.121439933776855,96.08261,94.83884
6.137925863265991,95.26343,94.08697
6.153712034225464,95.27377,93.26259
6.171416044235229,95.04285,93.04391
6.187076807022095,94.54303,92.25631
6.204633951187134,94.2869,91.5826
6.221342802047729,94.08823,90.62852
6.237936019897461,93.68588,89.81138
6.254523038864136,93.03433,88.82156
6.271157026290894,93.20132,88.43645
6.287940979003906,92.88947,87.90002
6.303374052047729,92.82309,87.74176
6.321090936660767,92.82971,87.35512
6.337651968002319,91.87271,86.45588
6.354366064071655,92.05197,86.39187
6.370951890945435,91.62851,85.67188
6.387588977813721,91.5433,85.46198
6.404210805892944,-91.26952,85.34537
6.421232938766479,-90.95335,84.67829
6.437471151351929,-90.95285,84.63954
6.453186988830566,-90.55904,83.92744
6.47088098526001,-90.39544,83.45309
6.487360000610352,-90.3045,83.42287
6.504165887832642,-90.29925,83.26257
6.520797967910767,-90.45151,83.2552
6.537380933761597,-90.48582,83.29281
6.553071022033691,-90.44331,83.14257
6.570647954940796,-90.3507,83.19092
6.587294816970825,-90.31271,83.17911
6.604012012481689,-90.16371,83.38783
6.620588064193726,-90.26505,83.53779
6.637173891067505,-90.11485,83.55009
6.652801990509033,-90.35998,84.08582
6.670386075973511,-90.94163,84.39832
6.686076879501343,-91.52762,85.97853
6.703819036483765,-91.77144,86.65078
6.720324993133545,92.50995,88.06362
6.737043142318726,94.13989,89.52432
6.753689050674438,94.63794,90.49006
6.770262002944946,96.06882,92.64869
6.786921977996826,97.07477,94.43295
6.802518129348755,97.52032,95.08323
6.820320844650269,98.07455,96.84586
6.836807012557983,99.1965,98.56081
6.853477001190186,100.1282,99.98816
6.870049953460693,100.748,100.4586
6.885725021362305,102.2467,102.3795
6.903427839279175,102.9641,103.8138
6.920041799545288,103.26,104.8629
6.936621904373169,104.2316,106.366
6.953490018844604,105.6418,108.6002
6.970016002655029,107.6503,109.9754
6.985558032989502,108.1876,111.6183
7.003215074539185,109.7078,113.931
7.019904851913452,111.2885,115.5004
7.036452054977417,113.4555,117.2956
7.052096128463745,114.4738,119.2818
7.069804906845093,116.0828,121.4031
7.085860967636108,117.5898,123.5155
7.103039979934692,119.0892,124.7661
7.119738817214966,120.3642,126.7442
7.136284112930298,121.8641,128.4653
7.153045892715454,122.6243,130.9289
7.169618844985962,123.5886,132.5605
7.185232877731323,124.5542,134.1789
7.202836990356445,125.1706,135.7686
7.219628095626831,125.4475,137.3019
7.236142873764038,126.5392,138.4985
7.25316309928894,127.6474,139.0601
7.269396066665649,127.5888,140.2661
7.285108804702759,128.1472,141.5785
7.302705049514771,128.9638,142.093
7.319337129592896,130.3132,142.915
7.334932088851929,131.029,144.2909
7.352847814559937,131.6229,144.7352
7.369205951690674,131.5175,145.2599
7.387570142745972,132.8932,145.0243
7.403213977813721,133.6593,145.3894
7.418345928192139,133.6593,145.3894
7.435746908187866,133.7823,145.0607
7.452419996261597,135.098,145.6756
7.469012975692749,135.4889,147.189
7.484710931777954,135.8504,147.3708
7.502431154251099,136.2608,147.6347
7.517976999282837,136.4513,148.0767
7.535600900650024,136.824,148.1163
7.552588939666748,137.1698,148.6484
7.569000005722046,136.7256,149.0377
7.584501028060913,137.3109,148.8393
7.602760076522827,136.8187,149.0929
7.617795944213867,137.2186,148.9644
7.635680913925171,136.4439,148.5278
7.651188135147095,136.4554,147.8265
7.668905973434448,137.0489,147.9708
7.684374094009399,136.6304,148.0158
7.701964139938354,136.1637,147.803
7.719030141830444,136.5303,146.9149
7.735301971435547,135.7519,147.0557
7.750905990600586,135.8968,146.2408
7.768504858016968,135.0525,146.2183
7.785137891769409,134.5543,145.5621
7.802059888839722,133.7129,144.1467
7.818820953369141,132.1846,143.5651
7.835078954696655,131.1877,143.3079
7.851789951324463,129.9159,143.1987
7.868499994277954,129.9386,141.6706
7.884050130844116,128.7174,140.4033
7.90170693397522,128.2733,138.85
7.91908597946167,127.2292,137.7797
7.93386697769165,126.4857,135.8787
7.952193975448608,125.7013,133.3584
7.968171834945679,124.65,132.1376
7.985065937042236,123.4478,130.4793
8.000530004501343,121.8584,129.0645
8.018204927444458,120.1655,127.3694
8.034724950790405,118.1795,125.9266
8.050351858139038,116.7297,124.1057
8.068065881729126,115.1374,122.6499
8.083690881729126,113.8507,121.3467
8.101284027099609,112.5389,120.2987
8.118476152420044,111.6943,118.506
8.134634971618652,109.6831,116.7897
8.150254011154175,107.8405,114.7971
8.167832136154175,107.2684,112.5467
8.184479951858521,106.4339,110.9545
8.200177907943726,105.4671,109.4345
8.217936992645264,104.8896,107.7696
8.233376979827881,104.4068,106.7197
8.25112509727478,104.2054,105.7701
8.267565011978149,102.7718,103.9695
8.283375024795532,101.9403,102.478
8.300930976867676,101.4548,101.0376
8.317556142807007,100.4183,99.43069
8.334180116653442,100.3235,98.08999
8.350893020629883,99.68253,96.74167
8.367542028427124,99.34329,96.29763
8.384155988693237,98.98853,95.47926
8.400787115097046,98.42593,94.10406
8.418203115463257,97.57837,91.69133
8.433038949966431,97.57837,91.69133
8.450978994369507,97.11978,91.31315
8.467394113540649,96.38013,90.19553
8.483006000518799,95.70145,89.76562
8.500648975372314,95.13803,88.92136
8.517144918441772,94.67661,88.38007
8.533723115921021,93.92017,87.0563
8.549446821212769,92.97388,85.88964
8.567149877548218,91.90735,85.60967
8.584084033966064,91.07275,85.15858
8.600445032119751,90.47186,84.45134
8.617089033126831,89.63153,83.9352
8.633660078048706,88.88577,83.65555
8.649243116378784,88.50821,83.42385
8.666883945465088,88.58124,83.31664
8.682554960250854,-88.67661,83.49599
8.700160980224609,-87.68276,82.78265
8.716898918151855,-87.33086,82.20135
8.732468843460083,-87.20997,82.57166
8.750096082687378,-87.0656,82.27735
8.766751050949097,-87.30885,81.58616
8.782630920410156,-86.84444,81.50857
8.799973011016846,-87.11739,81.81857
8.816673994064331,-87.03596,81.79081
8.832253932952881,-87.3732,82.08165
8.850011110305786,-87.42025,82.22417
8.866549015045166,-87.89934,82.36111
8.883270025253296,88.66028,82.92397
8.899009943008423,90.0853,83.70552
8.916486978530884,91.39474,84.80614
8.933154821395874,92.41895,85.34592
8.949795961380005,93.27481,86.85729
8.966742992401123,93.97839,87.99138
8.982980012893677,94.43152,88.89542
8.999804019927979,95.38684,89.87273
9.016374826431274,96.48856,91.42186
9.032974004745483,97.17404,92.52032
9.050208806991577,97.52322,93.47032
9.065286874771118,98.74838,94.44643
9.082905054092407,99.77576,95.59402
9.099535942077637,100.9391,97.61295
9.116187810897827,101.9507,98.80614
9.131856918334961,103.6034,100.7877
9.149689912796021,104.3171,102.6245
9.166084051132202,105.4215,103.8389
9.182667016983032,105.6094,105.1553
9.199374914169312,106.577,106.5449
9.215965032577515,108.1767,108.0187
9.232570886611938,108.4609,108.9977
9.249252080917358,109.0519,110.6208
9.265839815139771,110.255,112.3191
9.282513856887817,110.9537,115.0247
9.299288034439087,111.6966,116.8309
9.315850973129272,113.4842,118.8067
9.331454038619995,115.2396,119.8262
9.349066972732544,116.5302,120.8668
9.365691900253296,117.329,123.0064
9.38231897354126,118.0344,124.5176
9.399004936218262,119.4784,126.8887
9.415573835372925,120.7006,128.9645
9.431195974349976,122.4399,130.3342
9.448832035064697,124.3146,131.9789
9.465476989746094,124.777,133.6232
9.482238054275513,125.2041,135.5607
9.498833894729614,126.3969,137.1677
9.515423059463501,126.8562,138.0095
9.532149076461792,127.1187,138.9405
9.548752069473267,127.898,139.7721
9.565393924713135,128.7728,141.3467
9.581968069076538,129.6924,141.7102
9.599272012710571,130.5025,142.1328
9.614212989807129,132.2587,143.0218
9.631899118423462,132.7779,144.2789
9.648866891860962,134.1576,145.0656
9.665225028991699,134.9625,145.8055
9.681800127029419,134.9232,146.5448
9.698499917984009,134.9764,146.6192
9.715092897415161,135.4209,146.0364
9.731740951538086,136.1162,146.0784
9.748337984085083,136.155,146.0808
9.764971017837524,135.915,146.1742
9.781863927841187,135.9209,146.5293
9.797372102737427,136.0532,146.9625
9.814994096755981,136.1419,147.1941
9.830578088760376,136.1862,147.3235
9.848351955413818,135.9946,147.4045
9.864906072616577,136.007,147.5635
9.881653070449829,136.1206,147.7487
9.898196935653687,135.8832,147.6994
9.914880990982056,135.8096,147.688
9.930397987365723,136.3131,148.5361
9.947075128555298,135.5912,148.5642
9.964892148971558,135.418,148.6441
9.981263875961304,135.7442,147.7796
9.997895002365112,134.8433,146.9442
10.01481080055237,135.0009,146.1405
10.0303328037262,134.8609,145.9416
10.04832005500793,135.2087,145.3375
10.06483292579651,134.226,144.7943
10.0812349319458,133.5753,143.7473
10.09807300567627,131.7299,142.1826
10.11464095115662,131.0423,141.3667
10.13114190101624,129.8824,140.1153
10.14769911766052,129.1604,138.7086
10.16333103179932,128.1967,137.2454
10.18146586418152,127.0231,135.6311
10.19658994674683,125.6271,133.6457
10.21447682380676,124.7151,132.2298
10.23000884056091,123.0914,129.5586
10.24756002426147,121.3767,127.2881
10.26420998573303,120.0655,125.6709
10.28099203109741,118.7866,123.9689
10.29657196998596,116.985,121.6631
10.31423592567444,114.9359,119.2964
10.33062481880188,112.303,115.4602
10.34637904167175,112.303,115.4602
10.36398482322693,109.8413,113.2799
10.38067197799683,108.6304,110.7503
10.3972270488739,106.6946,108.8159
10.41385102272034,105.2644,106.964
10.43056797981262,104.5357,104.8217
10.44743180274963,102.5598,103.1144
10.46384215354919,101.4422,101.6265
10.47941184043884,100.7885,99.93077
10.49707913398743,99.27051,98.30808
10.51374197006226,97.77365,95.98901
10.53048896789551,96.39026,94.26109
10.54718804359436,95.75687,93.2241
10.56365704536438,95.27481,92.49306
10.58023500442505,95.09247,92.09224
10.59698295593262,94.86581,91.50454
10.61350512504578,93.77704,90.54618
10.63029193878174,92.68665,89.04977
10.64586710929871,92.19891,87.87866
10.66358304023743,91.72269,87.24411
10.67911982536316,91.50674,86.7167
10.6967670917511,91.46985,86.29624
10.71352100372314,90.62561,85.21542
10.72915196418762,89.45367,84.07539
10.74670100212097,88.2695,82.40595
10.76326680183411,87.37683,81.2625
10.78005003929138,86.64917,81.13153
10.79573082923889,-86.56176,80.37603
10.81317400932312,-85.84061,80.89111
10.82890295982361,-85.51378,79.72334
10.8466739654541,-85.24405,79.94207
10.86307096481323,-85.24088,79.19424
10.87978196144104,-85.39256,79.52103
10.89668703079224,-85.47215,79.26894
10.91296696662903,-85.10177,78.9575
10.92973399162292,-85.3969,79.05192
10.94643902778625,-85.69946,79.00107
10.96290707588196,-85.68307,79.39925
10.97954797744751,-85.78158,79.3101
10.99628400802612,-86.0544,79.97323
11.01282906532288,-85.99088,80.5139
11.02962708473206,-86.31235,81.93275
11.04519200325012,86.17569,82.51051
11.06275486946106,87.24295,83.2571
11.0793468952179,88.18622,84.43144
11.09606194496155,88.64233,84.75755
11.11268591880798,89.20105,86.31679
11.12841796875,90.31189,88.06431
11.14612507820129,91.62537,89.51046
11.16254782676697,92.38678,90.38357
11.17927598953247,93.49234,91.88632
11.19608998298645,94.72549,94.13468
11.212975025177,95.86136,96.01686
11.22913289070129,96.3349,96.995
11.24584603309631,97.18918,98.1908
11.26144480705261,98.42819,99.58764
11.27906584739685,99.09637,100.8143
11.29574203491211,100.1046,102.2454
11.31229281425476,101.2776,103.4762
11.32908701896667,102.7257,105.6488
11.34554982185364,103.0641,106.3882
11.36242294311523,103.6465,107.9078
11.3789210319519,104.9794,109.8911
11.3955409526825,106.0007,111.2187
11.41217303276062,107.4383,112.7493
11.42786383628845,108.2324,114.2329
11.44562983512878,109.7367,116.2547
11.46217703819275,110.9044,118.0669
11.47865414619446,112.6639,120.2542
11.4955940246582,114.4586,122.0653
11.51197695732117,116.0229,124.1657
11.52867007255554,117.0791,125.8923
11.54521489143372,118.8588,127.186
11.56191897392273,119.9145,128.9186
11.57857394218445,121.7551,130.4612
11.59516501426697,122.281,131.5841
11.6119658946991,122.7687,133.2691
11.62748789787292,123.9686,134.6397
11.64534783363342,124.6804,136.2336
11.66067814826965,125.522,137.675
11.67867207527161,126.1856,138.3637
11.69404602050781,126.7534,138.8355
11.71158909797668,127.4451,139.8457
11.72854590415955,128.9218,140.3695
11.74495100975037,129.4381,141.3174
11.76164412498474,130.4387,141.9163
11.77817893028259,130.2751,142.5956
11.79510092735291,130.5392,143.4622
11.81148600578308,132.3116,143.8416
11.82807087898254,133.8652,144.4058
11.84472584724426,133.9906,144.8378
11.86139607429504,133.896,145.1689
11.87802481651306,133.9043,145.5114
11.89493680000305,134.4874,145.7972
11.91156601905823,134.9366,145.6888
11.92713713645935,135.3558,146.0636
11.94461297988892,135.4519,145.9422
11.96142292022705,136.2345,146.1025
11.97775912284851,136.1987,146.0282
11.99464583396912,136.4048,145.9854
12.01109910011292,137.0989,146.3232
12.02772688865662,136.1971,146.264
12.04339909553528,136.0336,146.3068
12.0610089302063,135.86,146.2859
12.07774901390076,136.157,146.081
12.09331393241882,135.4468,145.6518
12.11167001724243,135.1213,146.0178
12.12680602073669,135.1213,146.0178
12.14441180229187,134.8103,146.0018
12.16136693954468,134.5173,145.5835
12.17755699157715,135.3014,145.0358
12.19464087486267,134.7275,144.549
12.2098069190979,133.6308,144.0143
12.22756409645081,132.3803,142.8812
12.24424695968628,131.884,141.3643
12.2607090473175,130.2648,140.3253
12.27734899520874,129.4194,139.632
12.29299998283386,128.7082,138.5629
12.31062793731689,127.7115,137.1479
12.32726502418518,127.1152,135.9189
12.34285593032837,125.8967,134.9658
12.36068391799927,125.1498,133.3761
12.37616395950317,124.4753,131.2832
12.39386105537415,123.68,129.3684
12.41057515144348,121.8321,127.5108
12.4271228313446,119.828,125.9868
12.44266486167908,119.4609,124.8354
12.46036505699158,118.6335,123.2559
12.47696614265442,117.6698,121.6989
12.49362111091614,116.0013,119.4183
12.510409116745,114.3854,117.9533
12.5259268283844,113.8394,117.0219
12.54351997375488,112.6614,115.8313
12.56018996238708,110.649,114.2282
12.57678198814392,109.8679,112.8956
12.59371495246887,108.3717,111.2715
12.61021399497986,107.2089,109.6456
12.62575602531433,106.2015,108.2037
12.64347791671753,104.7158,106.2911
12.66007995605469,103.4338,104.7602
12.67660307884216,103.1548,103.1361
12.69232583045959,101.4466,100.8399
12.70996308326721,100.368,98.75038
12.72667098045349,100.0045,96.9705
12.7433500289917,98.84174,94.62179
12.75985789299011,97.49216,92.27736
12.77640509605408,96.83322,90.7149
12.79311203956604,95.9855,89.56802
12.80873799324036,94.60611,88.01763
12.82648491859436,93.5213,86.63042
12.84304881095886,92.8652,85.88036
12.85965514183044,92.69778,84.25098
12.87632584571838,91.57434,82.34255
12.89212489128113,-90.53869,81.10558
12.90956401824951,-90.03087,79.36024
12.92624998092651,-89.67506,78.34403
12.94183087348938,-88.58033,76.38643
12.95948100090027,-88.18256,75.74699
12.97631812095642,-87.51325,74.76119
12.99182391166687,-86.79312,73.53339
13.00939583778381,-86.79149,72.44549
13.02625107765198,-86.59142,72.01583
13.04267001152039,-86.80957,71.57647
13.05934000015259,-87.50296,72.13261
13.07496094703674,-87.53226,71.92883
13.09263205528259,-87.46085,71.531
13.10916304588318,-87.26582,71.33088
13.12589287757874,-87.20389,71.25928
13.14257001876831,-87.27137,71.0587
13.15921807289124,-88.25681,71.40669
13.17578482627869,-89.36507,71.27303
13.19258904457092,-89.49548,71.58849
13.20901703834534,-91.17264,72.28783
13.22473692893982,-91.38268,72.63071
13.24250102043152,-91.88559,72.62193
13.25895380973816,-91.24178,71.74297
13.27575898170471,-91.17771,71.14845
13.2923538684845,-90.69238,69.76064
13.30910086631775,-91.04155,68.8394
13.32452988624573,-91.54625,67.85812
13.34245300292969,-91.5868,67.83662
13.35877895355225,-91.87,67.53511
13.37539505958557,-92.7471,66.67191
13.39105010032654,-93.19838,66.43378
13.40897488594055,-93.13513,65.45837
13.42440700531006,-93.71092,65.62312
13.44209599494934,-94.71832,65.7751
13.45869183540344,-97.0596,67.58842
13.4755871295929,-97.30873,68.72371
13.4910249710083,-95.30183,67.8419
13.50911998748779,-95.15108,68.46209
13.52534103393555,-94.84609,69.14463
13.54220294952393,-96.23975,69.68658
13.55761408805847,-96.23975,69.68658
13.57516098022461,-94.7159,69.86482
13.59073400497437,-93.21468,70.32439
13.60846996307373,-93.44564,70.80444
13.62396311759949,-92.21987,70.27518
13.6418788433075,-92.95316,72.21172
13.65833592414856,-94.79472,72.26293
13.67507290840149,-98.09731,73.44061
13.69070100784302,-100.0571,73.94248
13.70853686332703,-102.6081,74.14401
13.72498798370361,-105.1308,74.22252
13.74183011054993,-106.1439,74.21928
13.75825095176697,-106.9753,73.90146
13.77372598648071,-109.8556,74.32216
13.79154992103577,-115.4133,75.02174
13.80801892280579,-122.4965,75.18681
13.82488083839417,-136.8193,76.45357
13.84030294418335,-154.0564,76.79902
13.8582170009613,-169.6765,77.06471
13.87455701828003,-178.5677,78.31491
13.89134097099304,-191.6696,79.19054
13.90780806541443,-198.9073,80.09646
13.92452192306519,-202.2548,84.34618
13.94014191627502,-204.4917,88.39742
13.95798707008362,-205.8442,95.03769
13.97445702552795,-207.4683,99.25108
13.99105000495911,-207.8721,111.6223
14.00771307945251,-207.4468,121.0701
14.02438497543335,-208.1009,126.1568
14.04115700721741,-209.0473,-212.0192
14.05759501457214,-209.1406,-185.8489
14.07426810264587,-209.8797,-177.0717
14.09143996238708,-210.5247,-165.2774
14.10782098770142,-210.5561,-154.1573
14.12316679954529,-210.4367,-147.1711
14.14094495773315,-210.6019,-142.5758
14.15742802619934,-210.1722,-140.1952
14.17434811592102,-210.3746,-135.0728
14.18980503082275,-210.423,-133.7652
14.20765995979309,-210.3298,-129.7248
14.22301411628723,-209.9967,-133.1396
14.24070906639099,-210.2674,-133.4964
14.25727796554565,-210.1282,-133.7817
14.27287197113037,-209.9601,-133.4859
14.29112505912781,-209.7858,-131.729
14.30752110481262,-209.076,-130.9073
14.32408094406128,-208.723,-130.3854
14.33950901031494,-208.2218,-132.265
14.35740780830383,-210.0026,-126.8198
14.37407898902893,-207.0622,-131.5259
